Site ID;Name;Principal Investigator;Data Use Policy;AmeriFlux BASE Data;AmeriFlux FLUXNET Data;Vegetation Abbreviation (IGBP);Vegetation Description (IGBP);Climate Class Abbreviation (Koeppen);Climate Class Description (Koeppen);Mean Average Precipitation (mm);Mean Average Temperature (degrees C);Country;Latitude (degrees);Longitude (degrees);Elevation (m);Years of AmeriFlux BASE Data;AmeriFlux BASE DOI;Years of AmeriFlux FLUXNET Data;AmeriFlux FLUXNET DOI;Site Start;Site End;BASE variables available;FLUXNET variables available
US-ASH;USSL San Joaquin Valley Almond High Salinity;Ray G. Anderson (ray.anderson@usda.gov);CC-BY-4.0;Yes;No;DBF;Deciduous Broadleaf Forests: Lands dominated by woody vegetation with a percent cover >60% and height exceeding 2 meters.  Consists of broadleaf tree communities with an annual cycle of leaf-on and leaf-off periods.;Bwk;Desert: very cold winter;210;18.1;USA;36.1697;-120.2010;147;2016, 2017;https://doi.org/10.17190/AMF/1634880;;https://doi.org/;2016;;CO2, FC, FC_SSITC_TEST, FETCH_70, FETCH_80, FETCH_90, FETCH_FILTER, FETCH_MAX, G, H, H2O, H_SSITC_TEST, LE, LE_SSITC_TEST, NETRAD, PA, RH, SW_IN, TA, TS, T_SONIC, T_SONIC_SIGMA, USTAR, VPD, WD, WS;
US-ASL;USSL San Joaquin Valley Almond Low Salinity;Ray G. Anderson (ray.anderson@usda.gov);CC-BY-4.0;Yes;No;DBF;Deciduous Broadleaf Forests: Lands dominated by woody vegetation with a percent cover >60% and height exceeding 2 meters.  Consists of broadleaf tree communities with an annual cycle of leaf-on and leaf-off periods.;Bwk;Desert: very cold winter;311;16.7;USA;36.9466;-120.1024;78;2016, 2017;https://doi.org/10.17190/AMF/1617706;;https://doi.org/;2016;;CO2, FC, FC_SSITC_TEST, FETCH_70, FETCH_80, FETCH_90, FETCH_FILTER, FETCH_MAX, G, H, H2O, H_SSITC_TEST, LE, LE_SSITC_TEST, NETRAD, PA, RH, SW_IN, TA, TS, T_SONIC, T_SONIC_SIGMA, USTAR, VPD, WD, WS;
US-ASM;USSL San Joaquin Valley Almond Medium Salinity;Ray G. Anderson (ray.anderson@usda.gov);CC-BY-4.0;Yes;No;DBF;Deciduous Broadleaf Forests: Lands dominated by woody vegetation with a percent cover >60% and height exceeding 2 meters.  Consists of broadleaf tree communities with an annual cycle of leaf-on and leaf-off periods.;Bwk;Desert: very cold winter;210;18.1;USA;36.1777;-120.2026;147;2016, 2017;https://doi.org/10.17190/AMF/1617709;;https://doi.org/;2016;;CO2, FC, FC_SSITC_TEST, FETCH_70, FETCH_80, FETCH_90, FETCH_FILTER, FETCH_MAX, G, H, H2O, H_SSITC_TEST, LE, LE_SSITC_TEST, NETRAD, PA, RH, SW_IN, TA, TS, T_SONIC, T_SONIC_SIGMA, USTAR, VPD, WD, WS;
US-Bi1;Bouldin Island Alfalfa;Dennis Baldocchi (Baldocchi@berkeley.edu);CC-BY-4.0;Yes;Yes;CRO;Croplands: Lands covered with temporary crops followed by harvest and a bare soil period (e.g., single and multiple cropping systems). Note that perennial woody crops will be classified as the appropriate forest or shrub land cover type.;Csa;Mediterranean: mild with dry, hot summer;338;16;USA;38.0992;-121.4993;-2.7;2016, 2017, 2018, 2019, 2020, 2021, 2022, 2023;https://doi.org/10.17190/AMF/1480317;2016, 2017, 2018, 2019, 2020, 2021;https://doi.org/10.17190/AMF/1871134;2016;;CH4, CO2, FC, FCH4, FCH4_SSITC_TEST, FC_SSITC_TEST, G, GPP, H, H2O, H_SSITC_TEST, LE, LE_SSITC_TEST, LW_IN, LW_OUT, MO_LENGTH, NDVI, NETRAD, P, PA, PPFD_IN, PPFD_OUT, PRI, RECO, RH, SPEC_NIR_IN, SPEC_NIR_OUT, SPEC_PRI_REF_IN, SPEC_PRI_REF_OUT, SPEC_PRI_TGT_IN, SPEC_PRI_TGT_OUT, SPEC_RED_IN, SPEC_RED_OUT, SWC, SW_IN, SW_OUT, TA, TAU, TAU_SSITC_TEST, TS, T_SONIC, T_SONIC_SIGMA, USTAR, VPD, V_SIGMA, WD, WS, W_SIGMA, ZL;
US-Bi2;Bouldin Island corn;Dennis Baldocchi (baldocchi@berkeley.edu);CC-BY-4.0;Yes;Yes;CRO;Croplands: Lands covered with temporary crops followed by harvest and a bare soil period (e.g., single and multiple cropping systems). Note that perennial woody crops will be classified as the appropriate forest or shrub land cover type.;Csa;Mediterranean: mild with dry, hot summer;338;16;USA;38.1091;-121.5351;-5;2017, 2018, 2019, 2020, 2021, 2022, 2023;https://doi.org/10.17190/AMF/1419513;2017, 2018, 2019, 2020, 2021;https://doi.org/10.17190/AMF/1871135;2017;;CH4, CO2, FC, FCH4, FCH4_SSITC_TEST, FC_SSITC_TEST, G, GPP, H, H2O, H_SSITC_TEST, LE, LE_SSITC_TEST, LW_IN, LW_OUT, MO_LENGTH, NETRAD, P, PA, PPFD_DIF, PPFD_IN, PPFD_OUT, RECO, RH, SPEC_NIR_IN, SPEC_NIR_OUT, SPEC_PRI_REF_IN, SPEC_PRI_REF_OUT, SPEC_PRI_TGT_IN, SPEC_PRI_TGT_OUT, SPEC_RED_IN, SPEC_RED_OUT, SWC, SW_IN, SW_OUT, TA, TAU, TAU_SSITC_TEST, TS, T_SONIC, T_SONIC_SIGMA, USTAR, VPD, V_SIGMA, WD, WS, W_SIGMA, ZL;
US-Blo;Blodgett Forest;Allen Goldstein (ahg@berkeley.edu);CC-BY-4.0;Yes;No;ENF;Evergreen Needleleaf Forests: Lands dominated by woody vegetation with a percent cover >60% and height exceeding 2 meters. Almost all trees remain green all year. Canopy is never without green foliage.;Csa;Mediterranean: mild with dry, hot summer;1226;11.09;USA;38.8953;-120.6328;1315;1997, 1998, 1999, 2000, 2001, 2002, 2003, 2004, 2005, 2006, 2007;https://doi.org/10.17190/AMF/1246032;;https://doi.org/;1997;2006;FC, G, H, H2O, LE, NETRAD, P, PA, PPFD_IN, RH, TA, USTAR, VPD, WD, WS;
US-CGG;Concord Grazed Grassland;Patty Oikawa (Patty.oikawa@csueastbay.edu);CC-BY-4.0;Yes;No;GRA;Grasslands: Lands with herbaceous types of cover. Tree and shrub cover is less than 10%. Permanent wetlands lands with a permanent mixture of water and herbaceous or woody vegetation. The vegetation can be present in either salt, brackish, or fresh water.;Csa;Mediterranean: mild with dry, hot summer;419;16;USA;37.9380;-121.9761;119.5;2019, 2020, 2021, 2022;https://doi.org/10.17190/AMF/1987600;;https://doi.org/;2019;;CO2, FC, G, H, H2O, LE, NETRAD, P, PA, PPFD_IN, PPFD_OUT, RH, SWC, TA, TS, T_SONIC, U_SIGMA, USTAR, V_SIGMA, WD, WS, W_SIGMA;
US-CMW;Charleston Mesquite Woodland;Russell Scott (russ.scott@ars.usda.gov);CC-BY-4.0;Yes;No;DBF;Deciduous Broadleaf Forests: Lands dominated by woody vegetation with a percent cover >60% and height exceeding 2 meters.  Consists of broadleaf tree communities with an annual cycle of leaf-on and leaf-off periods.;Bsh;Steppe: very cold winter;288;17;USA;31.6637;-110.1777;1199;2000, 2001, 2002, 2003, 2004, 2005, 2006, 2007, 2008, 2009, 2010, 2011, 2012, 2013, 2014, 2015, 2016, 2017, 2018, 2019, 2020, 2021;https://doi.org/10.17190/AMF/1660339;;https://doi.org/;2001;;CO2, FC, G, GPP, H, H2O, LE, LW_IN, LW_OUT, NEE, NETRAD, P, PA, PPFD_IN, RECO, RH, SWC, SW_IN, SW_OUT, TA, T_CANOPY, TS, T_SONIC, USTAR, WD, WS;
US-Dia;Diablo;Sonia Wharton (wharton4@llnl.gov);CC-BY-4.0;Yes;No;GRA;Grasslands: Lands with herbaceous types of cover. Tree and shrub cover is less than 10%. Permanent wetlands lands with a permanent mixture of water and herbaceous or woody vegetation. The vegetation can be present in either salt, brackish, or fresh water.;Csa;Mediterranean: mild with dry, hot summer;265;15.6;USA;37.6773;-121.5296;323;2010, 2011, 2012;https://doi.org/10.17190/AMF/1246146;;https://doi.org/;2010;2015;APAR, CO2, FAPAR, FC, G, H, H2O, LE, LW_IN, LW_OUT, NEE, NETRAD, P, PA, PPFD_DIF, PPFD_IN, PPFD_OUT, RECO, RH, SC, SH, SLE, SWC, SW_DIF, SW_IN, SW_OUT, TA, TS, USTAR, VPD, WD, WS, ZL;
US-Dmg;Dutch Slough Marsh Gilbert Tract;Dennis Baldocchi (baldocchi@berkeley.edu);CC-BY-4.0;Yes;No;WET;Permanent Wetlands: Lands with a permanent mixture of water and herbaceous or woody vegetation that cover extensive areas. The vegetation can be present in either salt, brackish, or fresh water;Csa;Mediterranean: mild with dry, hot summer;365;16.1;USA;38.0015;-121.6691;1;2021, 2022;https://doi.org/10.17190/AMF/1964086;;https://doi.org/;2021;;CH4, CO2, FC, FCH4, FCH4_SSITC_TEST, FC_SSITC_TEST, G, H, H2O, H_SSITC_TEST, LE, LE_SSITC_TEST, LW_IN, LW_OUT, MO_LENGTH, NDVI, NETRAD, P, PA, PPFD_DIF, PPFD_IN, PPFD_OUT, PRI, RH, SPEC_NIR_IN, SPEC_NIR_OUT, SPEC_RED_IN, SPEC_RED_OUT, SW_IN, SW_OUT, TA, TAU, TAU_SSITC_TEST, TS, T_SONIC, T_SONIC_SIGMA, USTAR, VPD, V_SIGMA, WD, WS, W_SIGMA, WTD, ZL;
US-DPW;Disney Wilderness Preserve Wetland;Charless Ross Hinkle (rhinkle@ucf.edu);CC-BY-4.0;Yes;No;WET;Permanent Wetlands: Lands with a permanent mixture of water and herbaceous or woody vegetation that cover extensive areas. The vegetation can be present in either salt, brackish, or fresh water;Cwa;Humid Subtropical: dry winter, hot summer;1142;22.6;USA;28.0521;-81.4361;23;2013, 2014, 2015, 2016, 2017;https://doi.org/10.17190/AMF/1562387;;https://doi.org/;2013;2017;CH4, CO2, CO2_SIGMA, FC, FCH4, FCH4_SSITC_TEST, FC_SSITC_TEST, FETCH_70, FETCH_90, FETCH_MAX, H, H2O, H2O_SIGMA, H_SSITC_TEST, LE, LE_SSITC_TEST, MO_LENGTH, PA, RH, SC, SCH4, SH, SLE, SW_IN, TA, TAU, TAU_SSITC_TEST, T_SONIC, T_SONIC_SIGMA, U_SIGMA, USTAR, VPD, V_SIGMA, WD, WS, W_SIGMA, WS_MAX, ZL;
US-DS3;Staten Rice 1;Steve Deverel (sdeverel@hydrofocus.com);CC-BY-4.0;Yes;No;CRO;Croplands: Lands covered with temporary crops followed by harvest and a bare soil period (e.g., single and multiple cropping systems). Note that perennial woody crops will be classified as the appropriate forest or shrub land cover type.;Csa;Mediterranean: mild with dry, hot summer;432;16;USA;38.1235;-121.5490;-7;2021, 2022;https://doi.org/10.17190/AMF/1890490;;https://doi.org/;2021;;CO2, FC, FC_SSITC_TEST, FETCH_70, FETCH_80, FETCH_90, FETCH_MAX, G, H, H2O, H_SSITC_TEST, LE, LE_SSITC_TEST, LW_IN, LW_OUT, MO_LENGTH, NETRAD, P, PA, PPFD_IN, RH, SWC, SW_IN, SW_OUT, TA, TAU, TAU_SSITC_TEST, TS, T_SONIC, T_SONIC_SIGMA, U_SIGMA, USTAR, V_SIGMA, WD, WS, W_SIGMA, WS_MAX;
US-EDN;Eden Landing Ecological Reserve;Patty Oikawa (Patty.oikawa@csueastbay.edu);CC-BY-4.0;Yes;Yes;WET;Permanent Wetlands: Lands with a permanent mixture of water and herbaceous or woody vegetation that cover extensive areas. The vegetation can be present in either salt, brackish, or fresh water;Csa;Mediterranean: mild with dry, hot summer;;;USA;37.6156;-122.1140;;2018, 2019;https://doi.org/10.17190/AMF/1543381;2018, 2019;https://doi.org/10.17190/AMF/1832159;2018;;CH4, CO2, FC, FCH4, H, H2O, LE, LW_IN, LW_OUT, MO_LENGTH, NETRAD, P, PA, PPFD_IN, RH, SW_IN, SW_OUT, TA, TAU, TS, T_SONIC, T_SONIC_SIGMA, USTAR, VPD, V_SIGMA, WD, WS, W_SIGMA, WTD, ZL;
US-Elm;Everglades (long hydroperiod marsh);Steve Oberbauer (oberbaue@fiu.edu);CC-BY-4.0;Yes;No;WET;Permanent Wetlands: Lands with a permanent mixture of water and herbaceous or woody vegetation that cover extensive areas. The vegetation can be present in either salt, brackish, or fresh water;;;;;USA;25.5519;-80.7826;0.77;2008, 2009, 2010, 2011, 2012, 2013, 2014;https://doi.org/10.17190/AMF/1246118;;https://doi.org/;2007;;APAR, CO2, FAPAR, FC, G, H, H2O, LE, LW_IN, LW_OUT, NEE, NETRAD, P, PA, PPFD_DIF, PPFD_IN, PPFD_OUT, RECO, RH, SC, SH, SLE, SWC, SW_DIF, SW_IN, SW_OUT, TA, TS, USTAR, VPD, WD, WS, ZL;
US-Esm;Everglades (short hydroperiod marsh);Steve Oberbauer (oberbaue@fiu.edu);CC-BY-4.0;Yes;No;WET;Permanent Wetlands: Lands with a permanent mixture of water and herbaceous or woody vegetation that cover extensive areas. The vegetation can be present in either salt, brackish, or fresh water;;;;;USA;25.4379;-80.5946;1.07;2008, 2009, 2010, 2011, 2012, 2013, 2014, 2015;https://doi.org/10.17190/AMF/1246119;;https://doi.org/;2007;;APAR, CO2, FAPAR, FC, G, H, H2O, LE, LW_IN, LW_OUT, NEE, NETRAD, P, PA, PPFD_DIF, PPFD_IN, PPFD_OUT, RECO, RH, SC, SH, SLE, SWC, SW_DIF, SW_IN, SW_OUT, TA, TS, USTAR, VPD, WD, WS, ZL;
US-Fmf;Flagstaff - Managed Forest;Thomas Kolb (tom.kolb@nau.edu);CC-BY-4.0;Yes;No;ENF;Evergreen Needleleaf Forests: Lands dominated by woody vegetation with a percent cover >60% and height exceeding 2 meters. Almost all trees remain green all year. Canopy is never without green foliage.;Csb;Mediterranean: mild with dry, warm summer;546;9.5;USA;35.1426;-111.7273;2160;2005, 2006, 2007, 2008, 2009, 2010;https://doi.org/10.17190/AMF/1246050;;https://doi.org/;2006;2010;CO2, FC, G, H, H2O, LE, LW_IN, LW_OUT, NEE, NETRAD, P, PA, PPFD_DIF, PPFD_IN, PPFD_OUT, RH, SC, SH, SLE, SWC, SW_IN, SW_OUT, TA, TS, USTAR, VPD, WD, WS;
US-Fuf;Flagstaff - Unmanaged Forest;Thomas Kolb (tom.kolb@nau.edu);CC-BY-4.0;Yes;No;ENF;Evergreen Needleleaf Forests: Lands dominated by woody vegetation with a percent cover >60% and height exceeding 2 meters. Almost all trees remain green all year. Canopy is never without green foliage.;Csb;Mediterranean: mild with dry, warm summer;562;8.7;USA;35.0890;-111.7620;2180;2005, 2006, 2007, 2008, 2009, 2010;https://doi.org/10.17190/AMF/1246051;;https://doi.org/;2006;2010;CO2, FC, G, H, H2O, LE, LW_IN, LW_OUT, NEE, NETRAD, P, PA, PPFD_DIF, PPFD_IN, PPFD_OUT, RH, SC, SH, SLE, SWC, SW_IN, SW_OUT, TA, TS, USTAR, VPD, WD, WS;
US-Fwf;Flagstaff - Wildfire;Thomas Kolb (tom.kolb@nau.edu);CC-BY-4.0;Yes;No;GRA;Grasslands: Lands with herbaceous types of cover. Tree and shrub cover is less than 10%. Permanent wetlands lands with a permanent mixture of water and herbaceous or woody vegetation. The vegetation can be present in either salt, brackish, or fresh water.;Csb;Mediterranean: mild with dry, warm summer;557;8.4;USA;35.4454;-111.7718;2270;2005, 2006, 2007, 2008, 2009, 2010;https://doi.org/10.17190/AMF/1246052;;https://doi.org/;2006;2010;CO2, FC, G, H, H2O, LE, LW_IN, LW_OUT, NEE, NETRAD, P, PA, PPFD_DIF, PPFD_IN, PPFD_OUT, RH, SC, SH, SLE, SWC, SW_IN, SW_OUT, TA, TS, USTAR, VPD, WD, WS;
US-Hsm;Hill Slough Marsh;Dennis Baldocchi (baldocchi@berkeley.edu);CC-BY-4.0;Yes;No;WET;Permanent Wetlands: Lands with a permanent mixture of water and herbaceous or woody vegetation that cover extensive areas. The vegetation can be present in either salt, brackish, or fresh water;Csa;Mediterranean: mild with dry, hot summer;450;15.6;USA;38.2368;-122.0212;1.113;2021, 2022;https://doi.org/10.17190/AMF/1890483;;https://doi.org/;2021;;CH4, CO2, DO, FC, FCH4, FCH4_SSITC_TEST, FC_SSITC_TEST, G, H, H2O, H_SSITC_TEST, LE, LE_SSITC_TEST, LW_IN, LW_OUT, MO_LENGTH, NDVI, NETRAD, P, PA, PCO2, PPFD_DIF, PPFD_IN, PPFD_OUT, RH, SWC, SW_IN, SW_OUT, TA, TAU, TAU_SSITC_TEST, TS, T_SONIC, T_SONIC_SIGMA, USTAR, VPD, V_SIGMA, WD, WS, W_SIGMA, WTD, ZL;
US-KS1;Kennedy Space Center (slash pine);Ross Hinkle (rhinkle@ucf.edu);CC-BY-4.0;Yes;No;ENF;Evergreen Needleleaf Forests: Lands dominated by woody vegetation with a percent cover >60% and height exceeding 2 meters. Almost all trees remain green all year. Canopy is never without green foliage.;Cwa;Humid Subtropical: dry winter, hot summer;1266;21.90;USA;28.4583;-80.6709;1.00;2002, 2003;https://doi.org/10.17190/AMF/1246069;;https://doi.org/;2002;2006;CO2, FC, G, H, H2O, LE, NEE, NETRAD, P, PA, PPFD_IN, RH, SC, TA, USTAR, VPD, WD, WS;
US-KS2;Kennedy Space Center (scrub oak);Ross Hinkle (rhinkle@ucf.edu);CC-BY-4.0;Yes;No;CSH;Closed Shrublands: Lands with woody vegetation less than 2 meters tall and with shrub canopy cover >60%. The shrub foliage can be either evergreen or deciduous.;Cwa;Humid Subtropical: dry winter, hot summer;1294;21.66;USA;28.6086;-80.6715;3.00;1999, 2000, 2001, 2002, 2003, 2004, 2005, 2006;https://doi.org/10.17190/AMF/1246070;;https://doi.org/;2000;2007;CO2, FC, G, H, H2O, LE, NEE, NETRAD, P, PA, PPFD_IN, RH, SC, SW_IN, TA, USTAR, VPD, WD, WS;
US-KS3;Kennedy Space Center (salt marsh);Ross Hinkle (rhinkle@ucf.edu);CC-BY-4.0;Yes;Yes;WET;Permanent Wetlands: Lands with a permanent mixture of water and herbaceous or woody vegetation that cover extensive areas. The vegetation can be present in either salt, brackish, or fresh water;Cfa;Humid Subtropical: mild with no dry season, hot summer;1340;22.3;USA;28.7084;-80.7427;0;2018, 2019;https://doi.org/10.17190/AMF/1562390;2018;https://doi.org/10.17190/AMF/1881586;2017;2020;CO2, CO2_SIGMA, FC, FC_SSITC_TEST, FETCH_70, FETCH_90, FETCH_MAX, H, H2O, H2O_SIGMA, H_SSITC_TEST, LE, LE_SSITC_TEST, LW_IN, LW_OUT, MO_LENGTH, NETRAD, PA, PPFD_IN, P_RAIN, RH, SC, SH, SLE, SW_IN, SW_OUT, TA, TAU, TAU_SSITC_TEST, T_SONIC, T_SONIC_SIGMA, U_SIGMA, USTAR, VPD, V_SIGMA, WD, WS, W_SIGMA, ZL;
US-Lin;Lindcove Orange Orchard;Silvano Fares (silvano.fares@cnr.it);CC-BY-4.0;Yes;No;CRO;Croplands: Lands covered with temporary crops followed by harvest and a bare soil period (e.g., single and multiple cropping systems). Note that perennial woody crops will be classified as the appropriate forest or shrub land cover type.;;;;;USA;36.3566;-119.0922;131;2009, 2010;https://doi.org/10.17190/AMF/1246830;;https://doi.org/;2009;2010;CO2, FC, G, H, H2O, LE, NETRAD, P, PA, PPFD_IN, RH, SWC, TA, TS, USTAR, VPD, WD, WS;
US-LS1;San Pedro River Lewis Springs Sacaton Grassland;Russell Scott (russ.scott@ars.usda.gov);CC-BY-4.0;Yes;No;GRA;Grasslands: Lands with herbaceous types of cover. Tree and shrub cover is less than 10%. Permanent wetlands lands with a permanent mixture of water and herbaceous or woody vegetation. The vegetation can be present in either salt, brackish, or fresh water.;Bwh;Desert: warm winter;288;17;USA;31.5615;-110.1403;1230;2002, 2003, 2004, 2005, 2006, 2007;https://doi.org/10.17190/AMF/1660346;;https://doi.org/;2003;2007;CO2, FC, G, GPP, H, H2O, LE, NEE, NETRAD, P, PA, PPFD_IN, PPFD_OUT, RECO, RH, SWC, TA, TS, T_SONIC, USTAR, WD, WS;
US-LS2;San Pedro River Lewis Springs Savanna;Russell Scott (russ.scott@ars.usda.gov);CC-BY-4.0;Yes;No;SAV;Savannas: Lands with herbaceous and other understory systems, and with forest canopy cover between 10-30%. The forest cover height exceeds 2 meters.;Bwh;Desert: warm winter;288;17;USA;31.5659;-110.1344;1240;2002, 2003, 2004, 2005, 2006, 2007;https://doi.org/10.17190/AMF/1660347;;https://doi.org/;2003;2007;CO2, FC, G, GPP, H, H2O, LE, NEE, NETRAD, P, PA, PPFD_IN, PPFD_OUT, RECO, RH, SWC, SW_IN, TA, TS, T_SONIC, USTAR, WD, WS;
US-MtB;Mt Bigelow;Greg Barron-Gafford (gregbg@email.arizona.edu);CC-BY-4.0;Yes;No;ENF;Evergreen Needleleaf Forests: Lands dominated by woody vegetation with a percent cover >60% and height exceeding 2 meters. Almost all trees remain green all year. Canopy is never without green foliage.;Dwb;Warm Summer Continental: dry winters ;790;9.3;USA;32.4160;-110.7256;2573;2009, 2010, 2011, 2012, 2013, 2014, 2015, 2016, 2017, 2018, 2019, 2020, 2021;https://doi.org/10.17190/AMF/1579717;;https://doi.org/;2009;;CO2, D_SNOW, FC, G, H, H2O, LE, LW_IN, LW_OUT, NETRAD, P, PA, PPFD_IN, PPFD_OUT, RH, SWC, SW_IN, SW_OUT, TA, T_BOLE, TS, T_SONIC, USTAR, VPD, WD, WS;
US-Myb;Mayberry Wetland;Dennis Baldocchi (baldocchi@berkeley.edu);CC-BY-4.0;Yes;Yes;WET;Permanent Wetlands: Lands with a permanent mixture of water and herbaceous or woody vegetation that cover extensive areas. The vegetation can be present in either salt, brackish, or fresh water;Csa;Mediterranean: mild with dry, hot summer;338;15.9;USA;38.0499;-121.7650;-4;2010, 2011, 2012, 2013, 2014, 2015, 2016, 2017, 2018, 2019, 2020, 2021;https://doi.org/10.17190/AMF/1246139;2010, 2011, 2012, 2013, 2014, 2015, 2016, 2017, 2018, 2019, 2020, 2021;https://doi.org/10.17190/AMF/1871139;2010;;CH4, CO2, COND_WATER, FC, FCH4, FCH4_SSITC_TEST, FC_SSITC_TEST, GPP, H, H2O, H_SSITC_TEST, LE, LE_SSITC_TEST, MO_LENGTH, NETRAD, P, PA, PPFD_IN, PPFD_OUT, RECO, RH, SPEC_NIR_IN, SPEC_NIR_OUT, SPEC_RED_IN, SPEC_RED_OUT, TA, TAU, TAU_SSITC_TEST, TS, T_SONIC, T_SONIC_SIGMA, USTAR, VPD, V_SIGMA, WD, WS, W_SIGMA, WTD, ZL;
US-ONA;Florida pine flatwoods;Maria Silveira (mlas@ufl.edu);CC-BY-4.0;Yes;Yes;GRA;Grasslands: Lands with herbaceous types of cover. Tree and shrub cover is less than 10%. Permanent wetlands lands with a permanent mixture of water and herbaceous or woody vegetation. The vegetation can be present in either salt, brackish, or fresh water.;Cfa;Humid Subtropical: mild with no dry season, hot summer;1268;22.3;USA;27.3836;-81.9509;25;2016, 2017, 2018, 2019, 2020, 2021;https://doi.org/10.17190/AMF/1660350;2015, 2016, 2017, 2018, 2019, 2020;https://doi.org/10.17190/AMF/1832163;2016;;CH4, CO2, CO2_SIGMA, FC, FCH4, FCH4_SSITC_TEST, FC_SSITC_TEST, FETCH_70, FETCH_80, FETCH_90, FETCH_MAX, G, H, H2O, H2O_SIGMA, H_SSITC_TEST, LE, LE_SSITC_TEST, LW_IN, LW_OUT, MO_LENGTH, NETRAD, PA, PPFD_IN, P_RAIN, RH, SC, SCH4, SH, SLE, SWC, SW_IN, SW_OUT, TA, TAU, TAU_SSITC_TEST, TS, T_SONIC, T_SONIC_SIGMA, U_SIGMA, USTAR, VPD, V_SIGMA, WD, WS, W_SIGMA, WS_MAX, WTD, ZL;
US-PAS;Florida, Paspalum notatum pasture;Rosvel Bracho (rbracho@ufl.edu);CC-BY-4.0;Yes;No;GRA;Grasslands: Lands with herbaceous types of cover. Tree and shrub cover is less than 10%. Permanent wetlands lands with a permanent mixture of water and herbaceous or woody vegetation. The vegetation can be present in either salt, brackish, or fresh water.;Cfa;Humid Subtropical: mild with no dry season, hot summer;1268;22.3;USA;27.3944;-81.9510;27.1;2021;https://doi.org/10.17190/AMF/1870590;;https://doi.org/;2021;;CH4, CO2, CO2_SIGMA, FC, FCH4, FCH4_SSITC_TEST, FC_SSITC_TEST, FETCH_70, FETCH_80, FETCH_90, FETCH_MAX, G, H, H2O, H2O_SIGMA, H_SSITC_TEST, LE, LE_SSITC_TEST, LW_IN, LW_OUT, MO_LENGTH, NETRAD, PA, PPFD_IN, P_RAIN, RH, SC, SCH4, SH, SLE, SWC, SW_IN, SW_OUT, TA, TAU, TAU_SSITC_TEST, TS, T_SONIC, T_SONIC_SIGMA, U_SIGMA, USTAR, VPD, V_SIGMA, WD, WS, W_SIGMA, WS_MAX, WTD, ZL;
US-PSH;USSL San Joaquin Valley Pistachio High;Ray G. Anderson (ray.anderson@usda.gov);CC-BY-4.0;Yes;No;DBF;Deciduous Broadleaf Forests: Lands dominated by woody vegetation with a percent cover >60% and height exceeding 2 meters.  Consists of broadleaf tree communities with an annual cycle of leaf-on and leaf-off periods.;Bsk;Steppe: warm winter;191;15.6;USA;36.2347;-119.9247;70;2016, 2017;https://doi.org/10.17190/AMF/1617719;;https://doi.org/;2016;;CO2, FC, FC_SSITC_TEST, FETCH_70, FETCH_80, FETCH_90, FETCH_FILTER, FETCH_MAX, G, H, H2O, H_SSITC_TEST, LE, LE_SSITC_TEST, NETRAD, PA, RH, SW_IN, TA, TS, T_SONIC, T_SONIC_SIGMA, USTAR, VPD, WD, WS;
US-PSL;USSL San Joaquin Valley Pistachio Low;Ray G. Anderson (ray.anderson@usda.gov);CC-BY-4.0;Yes;No;DBF;Deciduous Broadleaf Forests: Lands dominated by woody vegetation with a percent cover >60% and height exceeding 2 meters.  Consists of broadleaf tree communities with an annual cycle of leaf-on and leaf-off periods.;Bsk;Steppe: warm winter;311;16.7;USA;36.8276;-120.1397;65;2016, 2017;https://doi.org/10.17190/AMF/1617720;;https://doi.org/;2016;;CO2, FC, FC_SSITC_TEST, FETCH_70, FETCH_80, FETCH_90, FETCH_FILTER, FETCH_MAX, G, H, H2O, H_SSITC_TEST, LE, LE_SSITC_TEST, NETRAD, PA, RH, SW_IN, TA, TS, T_SONIC, T_SONIC_SIGMA, USTAR, VPD, WD, WS;
US-RGB;Butte County Rice Farm;Sebastien C. Biraud (SCBiraud@lbl.gov);CC-BY-4.0;Yes;No;CRO;Croplands: Lands covered with temporary crops followed by harvest and a bare soil period (e.g., single and multiple cropping systems). Note that perennial woody crops will be classified as the appropriate forest or shrub land cover type.;Csa;Mediterranean: mild with dry, hot summer;737;16;USA;39.5782;-121.8579;33.00;2021, 2022, 2023;https://doi.org/10.17190/AMF/1870591;;https://doi.org/;2021;;CO2, FC, FC_SSITC_TEST, FETCH_70, FETCH_80, FETCH_90, FETCH_MAX, G, H, H2O, H_SSITC_TEST, LE, LE_SSITC_TEST, LW_IN, LW_OUT, MO_LENGTH, NETRAD, P, PA, PPFD_IN, PPFD_OUT, RH, SWC, SW_IN, SW_OUT, TA, TAU, TAU_SSITC_TEST, TS, T_SONIC, T_SONIC_SIGMA, U_SIGMA, USTAR, V_SIGMA, WD, WS, W_SIGMA, WS_MAX;
US-RGo;Glenn County Organic Rice Farm;Sebastien C. Biraud (SCBiraud@lbl.gov);CC-BY-4.0;Yes;No;CRO;Croplands: Lands covered with temporary crops followed by harvest and a bare soil period (e.g., single and multiple cropping systems). Note that perennial woody crops will be classified as the appropriate forest or shrub land cover type.;Csa;Mediterranean: mild with dry, hot summer;610;16;USA;39.6805;-122.0026;40;2021, 2022, 2023;https://doi.org/10.17190/AMF/1880914;;https://doi.org/;2021;;CO2, FC, FC_SSITC_TEST, FETCH_70, FETCH_80, FETCH_90, FETCH_MAX, G, H, H2O, H_SSITC_TEST, LE, LE_SSITC_TEST, LW_IN, LW_OUT, MO_LENGTH, NETRAD, P, PA, PPFD_IN, PPFD_OUT, RH, SWC, SW_IN, SW_OUT, TA, TAU, TAU_SSITC_TEST, TS, T_SONIC, T_SONIC_SIGMA, U_SIGMA, USTAR, V_SIGMA, WD, WS, W_SIGMA, WS_MAX;
US-Snd;Sherman Island;Dennis Baldocchi (Baldocchi@berkeley.edu);CC-BY-4.0;Yes;No;GRA;Grasslands: Lands with herbaceous types of cover. Tree and shrub cover is less than 10%. Permanent wetlands lands with a permanent mixture of water and herbaceous or woody vegetation. The vegetation can be present in either salt, brackish, or fresh water.;Csa;Mediterranean: mild with dry, hot summer;358;15.6;USA;38.0366;-121.7540;-5;2007, 2008, 2009, 2010, 2011, 2012, 2013, 2014;https://doi.org/10.17190/AMF/1246094;;https://doi.org/;2007;2015;APAR, CO2, FAPAR, FC, G, H, H2O, LE, LW_IN, LW_OUT, NEE, NETRAD, P, PA, PPFD_DIF, PPFD_IN, PPFD_OUT, RECO, RH, SC, SH, SLE, SWC, SW_DIF, SW_IN, SW_OUT, TA, TS, USTAR, VPD, WD, WS, ZL;
US-Sne;Sherman Island Restored Wetland;Dennis Baldocchi (Baldocchi@berkeley.edu);CC-BY-4.0;Yes;Yes;GRA;Grasslands: Lands with herbaceous types of cover. Tree and shrub cover is less than 10%. Permanent wetlands lands with a permanent mixture of water and herbaceous or woody vegetation. The vegetation can be present in either salt, brackish, or fresh water.;Csa;Mediterranean: mild with dry, hot summer;311;16.09;USA;38.0369;-121.7547;-5;2016, 2017, 2018, 2019, 2020;https://doi.org/10.17190/AMF/1418684;2016, 2017, 2018, 2019, 2020;https://doi.org/10.17190/AMF/1871144;2016;;CH4, CO2, FC, FCH4, FCH4_SSITC_TEST, FC_SSITC_TEST, G, GPP, H, H2O, H_SSITC_TEST, LE, LE_SSITC_TEST, LW_IN, LW_OUT, MO_LENGTH, NETRAD, P, PA, PPFD_IN, PPFD_OUT, RECO, RH, SW_IN, SW_OUT, TA, TAU, TAU_SSITC_TEST, TS, T_SONIC, T_SONIC_SIGMA, USTAR, VPD, V_SIGMA, WD, WS, W_SIGMA, WTD, ZL;
US-Snf;Sherman Barn;Dennis Baldocchi (baldocchi@berkeley.edu);CC-BY-4.0;Yes;Yes;GRA;Grasslands: Lands with herbaceous types of cover. Tree and shrub cover is less than 10%. Permanent wetlands lands with a permanent mixture of water and herbaceous or woody vegetation. The vegetation can be present in either salt, brackish, or fresh water.;Csa;Mediterranean: mild with dry, hot summer;;;USA;38.0402;-121.7272;-4;2018, 2019, 2020;https://doi.org/10.17190/AMF/1579718;2018, 2019, 2020;https://doi.org/10.17190/AMF/1854371;2018;2020;CH4, CO2, FC, FCH4, FCH4_SSITC_TEST, FC_SSITC_TEST, G, GPP, H, H2O, H_SSITC_TEST, LE, LE_SSITC_TEST, LW_IN, LW_OUT, MO_LENGTH, NETRAD, P, PA, PPFD_IN, PPFD_OUT, RECO, RH, SPEC_NIR_IN, SPEC_NIR_OUT, SPEC_PRI_REF_IN, SPEC_PRI_REF_OUT, SPEC_PRI_TGT_IN, SPEC_PRI_TGT_OUT, SPEC_RED_IN, SPEC_RED_OUT, SWC, SW_IN, SW_OUT, TA, TAU, TAU_SSITC_TEST, TS, T_SONIC, T_SONIC_SIGMA, USTAR, VPD, V_SIGMA, WD, WS, W_SIGMA, ZL;
US-SP1;Slashpine-Austin Cary- 65yrs nat regen;Tim Martin (tamartin@ufl.edu);CC-BY-4.0;Yes;No;ENF;Evergreen Needleleaf Forests: Lands dominated by woody vegetation with a percent cover >60% and height exceeding 2 meters. Almost all trees remain green all year. Canopy is never without green foliage.;Cfa;Humid Subtropical: mild with no dry season, hot summer;1309.77;20.06;USA;29.7381;-82.2188;50;2000, 2001, 2002, 2003, 2004, 2005, 2006, 2007, 2008, 2009, 2010, 2011;https://doi.org/10.17190/AMF/1246100;;https://doi.org/;2000;;APAR, CO2, FAPAR, FC, G, H, H2O, LE, LW_IN, LW_OUT, NEE, NETRAD, P, PA, PPFD_DIF, PPFD_IN, PPFD_OUT, RECO, RH, SC, SH, SLE, SWC, SW_DIF, SW_IN, SW_OUT, TA, TS, USTAR, VPD, WD, WS, ZL;
US-SP2;Slashpine-Mize-clearcut-3yr,regen;Tim Martin (tamartin@ufl.edu);CC-BY-4.0;Yes;No;ENF;Evergreen Needleleaf Forests: Lands dominated by woody vegetation with a percent cover >60% and height exceeding 2 meters. Almost all trees remain green all year. Canopy is never without green foliage.;Cfa;Humid Subtropical: mild with no dry season, hot summer;1314.41;20.07;USA;29.7648;-82.2448;50;1999, 2000, 2001, 2002, 2003, 2004, 2005, 2006, 2007, 2008;https://doi.org/10.17190/AMF/1246101;;https://doi.org/;1999;2009;APAR, CO2, FAPAR, FC, G, H, H2O, LE, LW_IN, LW_OUT, NEE, NETRAD, P, PA, PPFD_DIF, PPFD_IN, PPFD_OUT, RECO, RH, SC, SH, SLE, SWC, SW_DIF, SW_IN, SW_OUT, TA, TS, USTAR, VPD, WD, WS, ZL;
US-SP3;Slashpine-Donaldson-mid-rot- 12yrs;Tim Martin (tamartin@ufl.edu);CC-BY-4.0;Yes;No;ENF;Evergreen Needleleaf Forests: Lands dominated by woody vegetation with a percent cover >60% and height exceeding 2 meters. Almost all trees remain green all year. Canopy is never without green foliage.;Cfa;Humid Subtropical: mild with no dry season, hot summer;1312.35;20.25;USA;29.7548;-82.1633;50;1999, 2000, 2001, 2002, 2003, 2004, 2005, 2006, 2007, 2008, 2009, 2010;https://doi.org/10.17190/AMF/1246102;;https://doi.org/;1999;2013;APAR, CO2, FAPAR, FC, G, H, H2O, LE, LW_IN, LW_OUT, NEE, NETRAD, P, PA, PPFD_DIF, PPFD_IN, PPFD_OUT, RECO, RH, SC, SH, SLE, SWC, SW_DIF, SW_IN, SW_OUT, TA, TS, USTAR, VPD, WD, WS, ZL;
US-SP4;Slashpine-Rayonier-mid-rot- 12yrs;Tim Martin (tamartin@ufl.edu);CC-BY-4.0;Yes;No;ENF;Evergreen Needleleaf Forests: Lands dominated by woody vegetation with a percent cover >60% and height exceeding 2 meters. Almost all trees remain green all year. Canopy is never without green foliage.;Cfa;Humid Subtropical: mild with no dry season, hot summer;1319.63;20;USA;29.8028;-82.2031;47;1998;https://doi.org/10.17190/AMF/1246103;;https://doi.org/;1998;1998;FC, G, H, LE, NEE, NETRAD, P, PPFD_IN, RH, SC, SW_IN, TA, USTAR, VPD, WS;
US-SRC;Santa Rita Creosote;Shirley (Kurc) Papuga (shirley.papuga@gmail.com);CC-BY-4.0;Yes;Yes;OSH;Open Shrublands: Lands with woody vegetation less than 2 meters tall and with shrub canopy cover between 10-60%. The shrub foliage can be either evergreen or deciduous.;Bwh;Desert: warm winter;330;22;USA;31.9083;-110.8395;950;2008, 2009, 2010, 2011, 2012, 2013, 2014;https://doi.org/10.17190/AMF/1246127;2008, 2009, 2010, 2011, 2012, 2013, 2014;https://doi.org/10.17190/AMF/1871145;2008;2018;CO2, FC, G, H, H2O, LE, LW_IN, LW_OUT, NETRAD, P, PA, RH, SWC, SW_IN, SW_OUT, TA, TS, USTAR, VPD, WD, WS;
US-SRG;Santa Rita Grassland;Russell Scott (russ.scott@ars.usda.gov);CC-BY-4.0;Yes;No;GRA;Grasslands: Lands with herbaceous types of cover. Tree and shrub cover is less than 10%. Permanent wetlands lands with a permanent mixture of water and herbaceous or woody vegetation. The vegetation can be present in either salt, brackish, or fresh water.;Bsk;Steppe: warm winter;420;17;USA;31.7894;-110.8277;1291;2008, 2009, 2010, 2011, 2012, 2013, 2014, 2015, 2016, 2017, 2018, 2019, 2020, 2021, 2022, 2023;https://doi.org/10.17190/AMF/1246154;;https://doi.org/;2008;;CO2, FC, G, H, H2O, LE, LW_IN, LW_OUT, NETRAD, P, PA, PPFD_IN, PPFD_OUT, RH, SWC, SW_IN, SW_OUT, TA, TS, T_SONIC, USTAR, WD, WS;
US-SRM;Santa Rita Mesquite;Russell Scott (russ.scott@ars.usda.gov);CC-BY-4.0;Yes;No;WSA;Woody Savannas: Lands with herbaceous and other understory systems, and with forest canopy cover between 30-60%. The forest cover height exceeds 2 meters.;Bsk;Steppe: warm winter;380;17.92;USA;31.8214;-110.8661;1120;2004, 2005, 2006, 2007, 2008, 2009, 2010, 2011, 2012, 2013, 2014, 2015, 2016, 2017, 2018, 2019, 2020, 2021, 2022, 2023;https://doi.org/10.17190/AMF/1246104;;https://doi.org/;2004;;CO2, FC, G, H, H2O, LE, LW_IN, LW_OUT, NETRAD, P, PA, PPFD_IN, PPFD_OUT, RH, SWC, SW_IN, SW_OUT, TA, T_CANOPY, TS, T_SONIC, USTAR, WD, WS;
US-Srr;Suisun marsh - Rush Ranch;Lisamarie Windham-Myers (lwindham-myers@usgs.gov);CC-BY-4.0;Yes;No;WET;Permanent Wetlands: Lands with a permanent mixture of water and herbaceous or woody vegetation that cover extensive areas. The vegetation can be present in either salt, brackish, or fresh water;Csa;Mediterranean: mild with dry, hot summer;326;15.1;USA;38.2006;-122.0264;8;2014, 2015, 2016, 2017;https://doi.org/10.17190/AMF/1418685;;https://doi.org/;2014;;CH4, CO2, FC, FCH4, FCH4_SSITC_TEST, FC_SSITC_TEST, G, GPP, H, H2O, H_SSITC_TEST, LE, LE_SSITC_TEST, LW_IN, LW_OUT, MO_LENGTH, NETRAD, PA, PPFD_IN, PPFD_OUT, RECO, RH, SW_IN, SW_OUT, TA, TAU, TAU_SSITC_TEST, TS, T_SONIC, T_SONIC_SIGMA, USTAR, VPD, V_SIGMA, WD, WS, W_SIGMA, WTD, ZL;
US-SRS;Santa Rita Savanna;Enrique R. Vivoni (vivoni@asu.edu);CC-BY-4.0;Yes;No;WSA;Woody Savannas: Lands with herbaceous and other understory systems, and with forest canopy cover between 30-60%. The forest cover height exceeds 2 meters.;Bsk;Steppe: warm winter;388;19.4;USA;31.8173;-110.8508;1169;2011, 2012, 2013, 2014, 2015, 2016, 2017, 2018;https://doi.org/10.17190/AMF/1660351;;https://doi.org/;2011;2019;CO2, CO2_SIGMA, FC, FC_SSITC_TEST, FETCH_70, FETCH_80, FETCH_90, FETCH_MAX, G, H, H2O, H2O_SIGMA, H_SSITC_TEST, LE, LE_SSITC_TEST, MO_LENGTH, NETRAD, P, PA, PPFD_IN, PPFD_OUT, P_RAIN, RH, SC, SH, SLE, SWC, SW_IN, SW_OUT, TA, TAU, TAU_SSITC_TEST, TS, T_SONIC, T_SONIC_SIGMA, U_SIGMA, USTAR, VPD, V_SIGMA, WD, WS, W_SIGMA, WS_MAX, ZL;
US-SuM;Maui Sugarcane Middle;Ray Anderson (ray.anderson@ars.usda.gov);CC-BY-4.0;Yes;No;CRO;Croplands: Lands covered with temporary crops followed by harvest and a bare soil period (e.g., single and multiple cropping systems). Note that perennial woody crops will be classified as the appropriate forest or shrub land cover type.;Aw;Tropical savanna;287;24.1;USA;20.7981;-156.4540;21;2013, 2014;https://doi.org/10.17190/AMF/1246158;;https://doi.org/;2013;2013;CO2, FC, G, H, H2O, LE, NEE, NETRAD, RH, SC, SH, SLE, TA, TS, USTAR, VPD, WD, WS, ZL;
US-SuS;Maui Sugarcane Lee/Sheltered;Ray Anderson (ray.anderson@ars.usda.gov);CC-BY-4.0;Yes;No;CRO;Croplands: Lands covered with temporary crops followed by harvest and a bare soil period (e.g., single and multiple cropping systems). Note that perennial woody crops will be classified as the appropriate forest or shrub land cover type.;Aw;Tropical savanna;334;24.4;USA;20.7847;-156.4039;203;2011, 2012, 2013, 2014;https://doi.org/10.17190/AMF/1246159;;https://doi.org/;2011;2013;CO2, FC, G, H, H2O, LE, NEE, NETRAD, RH, SC, SH, SLE, TA, TS, USTAR, VPD, WD, WS, ZL;
US-SuW;Maui Sugarcane Windy;Ray Anderson (ray.anderson@ars.usda.gov);CC-BY-4.0;Yes;No;CRO;Croplands: Lands covered with temporary crops followed by harvest and a bare soil period (e.g., single and multiple cropping systems). Note that perennial woody crops will be classified as the appropriate forest or shrub land cover type.;Aw;Tropical savanna;366;24.4;USA;20.8246;-156.4913;44;2011, 2012, 2013;https://doi.org/10.17190/AMF/1246157;;https://doi.org/;2011;2013;CO2, FC, G, H, H2O, LE, NEE, NETRAD, RH, SC, SH, SLE, TA, TS, USTAR, VPD, WD, WS, ZL;
US-Ton;Tonzi Ranch;Dennis Baldocchi (Baldocchi@berkeley.edu);CC-BY-4.0;Yes;No;WSA;Woody Savannas: Lands with herbaceous and other understory systems, and with forest canopy cover between 30-60%. The forest cover height exceeds 2 meters.;Csa;Mediterranean: mild with dry, hot summer;559;15.8;USA;38.4309;-120.9660;177;2001, 2002, 2003, 2004, 2005, 2006, 2007, 2008, 2009, 2010, 2011, 2012, 2013, 2014, 2015, 2016, 2017, 2018, 2019, 2020, 2021, 2022;https://doi.org/10.17190/AMF/1245971;;https://doi.org/;2001;;CO2, CO2_SIGMA, COND_WATER, FC, G, GPP, H, H2O, H2O_SIGMA, LE, LW_IN, LW_OUT, MO_LENGTH, NEE, NETRAD, P, PA, PPFD_DIF, PPFD_DIR, PPFD_IN, PPFD_OUT, RECO, RH, SC, SWC, SW_IN, SW_OUT, SWP, TA, TAU, TS, T_SONIC, T_SONIC_SIGMA, TW, U_SIGMA, USTAR, VPD, V_SIGMA, WD, WS, W_SIGMA, WTD, ZL;
US-Tw1;Twitchell Wetland West Pond;Dennis Baldocchi (baldocchi@berkeley.edu);CC-BY-4.0;Yes;Yes;WET;Permanent Wetlands: Lands with a permanent mixture of water and herbaceous or woody vegetation that cover extensive areas. The vegetation can be present in either salt, brackish, or fresh water;Csa;Mediterranean: mild with dry, hot summer;421;15.5;USA;38.1074;-121.6469;-5;2011, 2012, 2013, 2014, 2015, 2016, 2017, 2018, 2019, 2020;https://doi.org/10.17190/AMF/1246147;2011, 2012, 2013, 2014, 2015, 2016, 2017, 2018, 2019, 2020;https://doi.org/10.17190/AMF/1832165;2012;;CH4, CO2, FC, FCH4, FCH4_SSITC_TEST, FC_SSITC_TEST, GPP, H, H2O, H_SSITC_TEST, LE, LE_SSITC_TEST, LW_IN, LW_OUT, MO_LENGTH, NETRAD, PA, PPFD_IN, PPFD_OUT, RECO, RH, SPEC_NIR_IN, SPEC_NIR_OUT, SPEC_RED_IN, SPEC_RED_OUT, SW_IN, SW_OUT, TA, TAU, TAU_SSITC_TEST, TS, T_SONIC, T_SONIC_SIGMA, USTAR, VPD, V_SIGMA, WD, WS, W_SIGMA, WTD, ZL;
US-Tw2;Twitchell Corn;Dennis Baldocchi (baldocchi@berkeley.edu);CC-BY-4.0;Yes;Yes;CRO;Croplands: Lands covered with temporary crops followed by harvest and a bare soil period (e.g., single and multiple cropping systems). Note that perennial woody crops will be classified as the appropriate forest or shrub land cover type.;Csa;Mediterranean: mild with dry, hot summer;421;15.5;USA;38.0969;-121.6365;-5;2012, 2013;https://doi.org/10.17190/AMF/1246148;2012, 2013;https://doi.org/10.17190/AMF/1881593;2012;2013;CO2, FC, G, H, H2O, LE, LW_IN, LW_OUT, NEE, NETRAD, PA, PPFD_IN, PPFD_OUT, RH, SWC, SW_IN, SW_OUT, TA, TS, USTAR, VPD, WD, WS, ZL;
US-Tw3;Twitchell Alfalfa;Dennis Baldocchi (baldocchi@berkeley.edu);CC-BY-4.0;Yes;Yes;CRO;Croplands: Lands covered with temporary crops followed by harvest and a bare soil period (e.g., single and multiple cropping systems). Note that perennial woody crops will be classified as the appropriate forest or shrub land cover type.;Csa;Mediterranean: mild with dry, hot summer;421;15.6;USA;38.1152;-121.6469;-4;2013, 2014, 2015, 2016, 2017, 2018;https://doi.org/10.17190/AMF/1246149;2013, 2014, 2015, 2016, 2017, 2018;https://doi.org/10.17190/AMF/1881594;2013;2018;CH4, CO2, FC, FCH4, FCH4_SSITC_TEST, FC_SSITC_TEST, G, GPP, H, H2O, H_SSITC_TEST, LE, LE_SSITC_TEST, LW_IN, LW_OUT, MO_LENGTH, NETRAD, P, PA, PPFD_DIF, PPFD_IN, PPFD_OUT, RECO, RH, SWC, SW_IN, SW_OUT, TA, TAU, TAU_SSITC_TEST, TS, T_SONIC, T_SONIC_SIGMA, USTAR, VPD, V_SIGMA, WD, WS, W_SIGMA, ZL;
US-Tw4;Twitchell East End Wetland;Dennis Baldocchi (baldocchi@berkeley.edu);CC-BY-4.0;Yes;No;WET;Permanent Wetlands: Lands with a permanent mixture of water and herbaceous or woody vegetation that cover extensive areas. The vegetation can be present in either salt, brackish, or fresh water;Csa;Mediterranean: mild with dry, hot summer;421;15.6;USA;38.1027;-121.6413;-5;2013, 2014, 2015, 2016, 2017, 2018, 2019, 2020, 2021;https://doi.org/10.17190/AMF/1246151;;https://doi.org/;2013;;CH4, CO2, FC, FCH4, FCH4_SSITC_TEST, FC_SSITC_TEST, G, GPP, H, H2O, H_SSITC_TEST, LE, LE_SSITC_TEST, LW_IN, LW_OUT, MO_LENGTH, NETRAD, P, PA, PPFD_IN, PPFD_OUT, RECO, RH, SPEC_NIR_IN, SPEC_NIR_OUT, SPEC_RED_IN, SPEC_RED_OUT, SW_IN, SW_OUT, TA, TAU, TAU_SSITC_TEST, TS, T_SONIC, T_SONIC_SIGMA, USTAR, VPD, V_SIGMA, WD, WS, W_SIGMA, WTD, ZL;
US-Tw5;East Pond Wetland;Dennis Baldocchi (baldocchi@berkeley.edu);CC-BY-4.0;Yes;Yes;WET;Permanent Wetlands: Lands with a permanent mixture of water and herbaceous or woody vegetation that cover extensive areas. The vegetation can be present in either salt, brackish, or fresh water;Csa;Mediterranean: mild with dry, hot summer;421;15.5;USA;38.1072;-121.6426;-5;2018, 2019, 2020;https://doi.org/10.17190/AMF/1543380;2018, 2019;https://doi.org/10.17190/AMF/1881595;2018;2020;CH4, CO2, FC, FCH4, FCH4_SSITC_TEST, FC_SSITC_TEST, GPP, H, H2O, H_SSITC_TEST, LE, LE_SSITC_TEST, LW_IN, LW_OUT, MO_LENGTH, NETRAD, PA, PPFD_IN, PPFD_OUT, RECO, RH, SPEC_NIR_IN, SPEC_NIR_OUT, SPEC_RED_IN, SPEC_RED_OUT, SW_IN, SW_OUT, TA, TAU, TAU_SSITC_TEST, TS, T_SONIC, T_SONIC_SIGMA, USTAR, VPD, V_SIGMA, WD, WS, W_SIGMA, WTD, ZL;
US-Twt;Twitchell Island;Dennis Baldocchi (baldocchi@berkeley.edu);CC-BY-4.0;Yes;No;CRO;Croplands: Lands covered with temporary crops followed by harvest and a bare soil period (e.g., single and multiple cropping systems). Note that perennial woody crops will be classified as the appropriate forest or shrub land cover type.;Csa;Mediterranean: mild with dry, hot summer;421;15.6;USA;38.1087;-121.6531;-7;2009, 2010, 2011, 2012, 2013, 2014, 2015, 2016, 2017;https://doi.org/10.17190/AMF/1246140;;https://doi.org/;2009;2017;CH4, CO2, FC, FCH4, FCH4_SSITC_TEST, FC_SSITC_TEST, G, GPP, H, H2O, H_SSITC_TEST, LE, LE_SSITC_TEST, MO_LENGTH, NETRAD, P, PA, PPFD_IN, PPFD_OUT, RECO, RH, SW_IN, TA, TAU, TAU_SSITC_TEST, TS, T_SONIC, T_SONIC_SIGMA, USTAR, VPD, V_SIGMA, WD, WS, W_SIGMA, WTD, ZL;
US-Var;Vaira Ranch- Ione;Dennis Baldocchi (Baldocchi@berkeley.edu);CC-BY-4.0;Yes;Yes;GRA;Grasslands: Lands with herbaceous types of cover. Tree and shrub cover is less than 10%. Permanent wetlands lands with a permanent mixture of water and herbaceous or woody vegetation. The vegetation can be present in either salt, brackish, or fresh water.;Csa;Mediterranean: mild with dry, hot summer;559;15.8;USA;38.4133;-120.9508;129;2000, 2001, 2002, 2003, 2004, 2005, 2006, 2007, 2008, 2009, 2010, 2011, 2012, 2013, 2014, 2015, 2016, 2017, 2018, 2019, 2020, 2021, 2022;https://doi.org/10.17190/AMF/1245984;2000, 2001, 2002, 2003, 2004, 2005, 2006, 2007, 2008, 2009, 2010, 2011, 2012, 2013, 2014, 2015, 2016, 2017, 2018, 2019, 2020, 2021;https://doi.org/10.17190/AMF/1993904;2000;;CO2, CO2_SIGMA, FC, G, GPP, H, H2O, H2O_SIGMA, LE, LW_IN, LW_OUT, NEE, NETRAD, P, PA, PPFD_DIF, PPFD_DIR, PPFD_IN, PPFD_OUT, RECO, RH, SWC, SW_IN, SW_OUT, TA, TS, T_SONIC, T_SONIC_SIGMA, U_SIGMA, USTAR, VPD, V_SIGMA, WD, WS, W_SIGMA, ZL;
US-Whs;Walnut Gulch Lucky Hills Shrub;Russell Scott (russ.scott@ars.usda.gov);CC-BY-4.0;Yes;Yes;OSH;Open Shrublands: Lands with woody vegetation less than 2 meters tall and with shrub canopy cover between 10-60%. The shrub foliage can be either evergreen or deciduous.;Bsk;Steppe: warm winter;320;17.6;USA;31.7438;-110.0522;1370;2007, 2008, 2009, 2010, 2011, 2012, 2013, 2014, 2015, 2016, 2017, 2018, 2019, 2020, 2021, 2022, 2023;https://doi.org/10.17190/AMF/1246113;2007, 2008, 2009, 2010, 2011, 2012, 2013, 2014, 2015, 2016, 2017, 2018, 2019, 2020;https://doi.org/10.17190/AMF/1984574;2007;;CO2, FC, G, H, H2O, LE, LW_IN, LW_OUT, NETRAD, P, PA, PPFD_IN, PPFD_OUT, RH, SWC, SW_IN, SW_OUT, TA, T_CANOPY, TS, T_SONIC, USTAR, WD, WS;
US-Wkg;Walnut Gulch Kendall Grasslands;Russell Scott (russ.scott@ars.usda.gov);CC-BY-4.0;Yes;Yes;GRA;Grasslands: Lands with herbaceous types of cover. Tree and shrub cover is less than 10%. Permanent wetlands lands with a permanent mixture of water and herbaceous or woody vegetation. The vegetation can be present in either salt, brackish, or fresh water.;Bsk;Steppe: warm winter;407;15.64;USA;31.7365;-109.9419;1531;2004, 2005, 2006, 2007, 2008, 2009, 2010, 2011, 2012, 2013, 2014, 2015, 2016, 2017, 2018, 2019, 2020, 2021, 2022, 2023;https://doi.org/10.17190/AMF/1246112;2004, 2005, 2006, 2007, 2008, 2009, 2010, 2011, 2012, 2013, 2014, 2015, 2016, 2017, 2018, 2019, 2020, 2021;https://doi.org/10.17190/AMF/1984575;2004;;CO2, FC, G, H, H2O, LE, LW_IN, LW_OUT, NETRAD, P, PA, PPFD_IN, PPFD_OUT, RH, SWC, SW_IN, SW_OUT, TA, T_CANOPY, TS, T_SONIC, USTAR, WD, WS;
US-xCL;NEON LBJ National Grassland (CLBJ);National Ecological Observatory Network (neon-ameriflux@battelleecology.org);CC-BY-4.0;Yes;Yes;GRA;Grasslands: Lands with herbaceous types of cover. Tree and shrub cover is less than 10%. Permanent wetlands lands with a permanent mixture of water and herbaceous or woody vegetation. The vegetation can be present in either salt, brackish, or fresh water.;Cfa;Humid Subtropical: mild with no dry season, hot summer;925.61;17.5;USA;33.4012;-97.5700;259;2017, 2018, 2019, 2020, 2021, 2022;https://doi.org/10.17190/AMF/1671894;2017, 2018, 2019, 2020, 2021;https://doi.org/10.17190/AMF/1985435;2017;;CH4_MIXING_RATIO, CO2_MIXING_RATIO, FC, FETCH_90, FETCH_MAX, G, H, H2O_MIXING_RATIO, LE, LW_BC_IN, LW_BC_OUT, LW_IN, LW_OUT, NEE, NETRAD, P, PA, PPFD_BC_IN, PPFD_IN, PPFD_OUT, RH, SC, SH, SLE, SWC, SW_DIF, SW_IN, SW_OUT, TA, T_CANOPY, THROUGHFALL, TS, T_SONIC, T_SONIC_SIGMA, USTAR, VPD, V_SIGMA, WD, WS, WS_MAX;
US-xDS;NEON Disney Wilderness Preserve (DSNY);National Ecological Observatory Network (neon-ameriflux@battelleecology.org);CC-BY-4.0;Yes;Yes;CVM;Cropland/Natural Vegetation Mosaics: Lands with a mosaic of croplands, forest, shrublands, and grasslands in which no one component comprises more than 60% of the landscape;Cfa;Humid Subtropical: mild with no dry season, hot summer;1216.09;22.5;USA;28.1250;-81.4362;15;2017, 2018, 2019, 2020, 2021, 2022;https://doi.org/10.17190/AMF/1671895;2017, 2018, 2019, 2020, 2021;https://doi.org/10.17190/AMF/1985439;2017;;CH4_MIXING_RATIO, CO2_MIXING_RATIO, FC, FETCH_90, FETCH_MAX, G, H, H2O_MIXING_RATIO, LE, LW_BC_IN, LW_BC_OUT, LW_IN, LW_OUT, NEE, NETRAD, P, PA, PPFD_BC_IN, PPFD_IN, PPFD_OUT, RH, SC, SH, SLE, SWC, SW_DIF, SW_IN, SW_OUT, TA, T_CANOPY, THROUGHFALL, TS, T_SONIC, T_SONIC_SIGMA, USTAR, VPD, V_SIGMA, WD, WS, WS_MAX;
US-xPU;NEON Pu'u Maka'ala Natural Area Reserve (PUUM);National Ecological Observatory Network (neon-ameriflux@battelleecology.org);CC-BY-4.0;Yes;No;EBF;Evergreen Broadleaf Forests: Lands dominated by woody vegetation with a percent cover >60% and height exceeding 2 meters. Almost all trees and shrubs remain green year round. Canopy is never without green foliage.;Cfb;Marine West Coast: mild with no dry season, warm summer;2685;13;USA;19.5531;-155.3173;1685;2019, 2020, 2021, 2022;https://doi.org/10.17190/AMF/1773399;;https://doi.org/;2019;;CH4_MIXING_RATIO, CO2_MIXING_RATIO, FC, FETCH_90, FETCH_MAX, G, H, H2O_MIXING_RATIO, LE, LW_BC_IN, LW_BC_OUT, LW_IN, LW_OUT, NEE, NETRAD, P, PA, PPFD_BC_IN, PPFD_IN, PPFD_OUT, RH, SC, SH, SLE, SW_DIF, SW_IN, SW_OUT, TA, T_CANOPY, THROUGHFALL, T_SONIC, T_SONIC_SIGMA, USTAR, VPD, V_SIGMA, WD, WS, WS_MAX;
US-xSB;NEON Ordway-Swisher Biological Station (OSBS);National Ecological Observatory Network (neon-ameriflux@battelleecology.org);CC-BY-4.0;Yes;Yes;ENF;Evergreen Needleleaf Forests: Lands dominated by woody vegetation with a percent cover >60% and height exceeding 2 meters. Almost all trees remain green all year. Canopy is never without green foliage.;Cfa;Humid Subtropical: mild with no dry season, hot summer;1302.09;20.9;USA;29.6893;-81.9934;45;2017, 2018, 2019, 2020, 2021, 2022;https://doi.org/10.17190/AMF/1671899;2017, 2018, 2019, 2020, 2021;https://doi.org/10.17190/AMF/1985451;2016;;CH4_MIXING_RATIO, CO2_MIXING_RATIO, FC, FETCH_90, FETCH_MAX, G, H, H2O_MIXING_RATIO, LE, LW_BC_IN, LW_BC_OUT, LW_IN, LW_OUT, NEE, NETRAD, P, PA, PPFD_BC_IN, PPFD_IN, PPFD_OUT, RH, SC, SH, SLE, SWC, SW_DIF, SW_IN, SW_OUT, TA, T_CANOPY, THROUGHFALL, TS, T_SONIC, T_SONIC_SIGMA, USTAR, VPD, V_SIGMA, WD, WS, WS_MAX;
US-xSJ;NEON San Joaquin Experimental Range (SJER);National Ecological Observatory Network (neon-ameriflux@battelleecology.org);CC-BY-4.0;Yes;No;SAV;Savannas: Lands with herbaceous and other understory systems, and with forest canopy cover between 10-30%. The forest cover height exceeds 2 meters.;Csa;Mediterranean: mild with dry, hot summer;539.62;16.4;USA;37.1088;-119.7323;368;2018, 2019, 2020, 2021, 2022;https://doi.org/10.17190/AMF/1671901;;https://doi.org/;2018;;CH4_MIXING_RATIO, CO2_MIXING_RATIO, FC, FETCH_90, FETCH_MAX, G, H, H2O_MIXING_RATIO, LE, LW_BC_IN, LW_BC_OUT, LW_IN, LW_OUT, NEE, NETRAD, P, PA, PPFD_BC_IN, PPFD_IN, PPFD_OUT, RH, SC, SH, SLE, SWC, SW_DIF, SW_IN, SW_OUT, TA, T_CANOPY, THROUGHFALL, TS, T_SONIC, T_SONIC_SIGMA, USTAR, VPD, V_SIGMA, WD, WS, WS_MAX;
US-xSP;NEON Soaproot Saddle (SOAP);National Ecological Observatory Network (neon-ameriflux@battelleecology.org);CC-BY-4.0;Yes;No;ENF;Evergreen Needleleaf Forests: Lands dominated by woody vegetation with a percent cover >60% and height exceeding 2 meters. Almost all trees remain green all year. Canopy is never without green foliage.;Csa;Mediterranean: mild with dry, hot summer;900.35;13.4;USA;37.0334;-119.2622;1160;2017, 2018, 2019, 2020, 2021, 2022;https://doi.org/10.17190/AMF/1617736;;https://doi.org/;2017;;CH4_MIXING_RATIO, CO2_MIXING_RATIO, FC, FETCH_90, FETCH_MAX, G, H, H2O_MIXING_RATIO, LE, LW_BC_IN, LW_BC_OUT, LW_IN, LW_OUT, NEE, NETRAD, P, PA, PPFD_BC_IN, PPFD_IN, PPFD_OUT, RH, SC, SH, SLE, SWC, SW_DIF, SW_IN, SW_OUT, TA, T_CANOPY, THROUGHFALL, TS, T_SONIC, T_SONIC_SIGMA, USTAR, VPD, V_SIGMA, WD, WS, WS_MAX;
US-xSR;NEON Santa Rita Experimental Range (SRER);National Ecological Observatory Network (neon-ameriflux@battelleecology.org);CC-BY-4.0;Yes;Yes;OSH;Open Shrublands: Lands with woody vegetation less than 2 meters tall and with shrub canopy cover between 10-60%. The shrub foliage can be either evergreen or deciduous.;Bsk;Steppe: warm winter;346;19.3;USA;31.9107;-110.8355;983;2017, 2018, 2019, 2020, 2021, 2022;https://doi.org/10.17190/AMF/1579543;2017, 2018, 2019, 2020, 2021;https://doi.org/10.17190/AMF/1985453;2017;;CH4_MIXING_RATIO, CO2_MIXING_RATIO, FC, FETCH_90, FETCH_MAX, G, H, H2O_MIXING_RATIO, LE, LW_BC_IN, LW_BC_OUT, LW_IN, LW_OUT, NEE, NETRAD, P, PA, PPFD_BC_IN, PPFD_IN, PPFD_OUT, RH, SC, SH, SLE, SWC, SW_DIF, SW_IN, SW_OUT, TA, T_CANOPY, THROUGHFALL, TS, T_SONIC, T_SONIC_SIGMA, USTAR, VPD, V_SIGMA, WD, WS, WS_MAX;
US-xTE;NEON Lower Teakettle (TEAK);National Ecological Observatory Network (neon-ameriflux@battelleecology.org);CC-BY-4.0;Yes;No;ENF;Evergreen Needleleaf Forests: Lands dominated by woody vegetation with a percent cover >60% and height exceeding 2 meters. Almost all trees remain green all year. Canopy is never without green foliage.;Csa;Mediterranean: mild with dry, hot summer;1222.5;8;USA;37.0058;-119.0060;2147;2018, 2019, 2020, 2021, 2022;https://doi.org/10.17190/AMF/1617738;;https://doi.org/;2018;;CH4_MIXING_RATIO, CO2_MIXING_RATIO, FC, FETCH_90, FETCH_MAX, G, H, H2O_MIXING_RATIO, LE, LW_BC_IN, LW_BC_OUT, LW_IN, LW_OUT, NEE, NETRAD, P, PA, PPFD_BC_IN, PPFD_IN, PPFD_OUT, RH, SC, SH, SLE, SWC, SW_DIF, SW_IN, SW_OUT, TA, T_CANOPY, THROUGHFALL, TS, T_SONIC, T_SONIC_SIGMA, USTAR, VPD, V_SIGMA, WD, WS, WS_MAX;